[{"model": "admin.logentry", "pk": 1, "fields": {"action_time": "2025-11-14T21:40:07.236Z", "user": 1, "content_type": 4, "object_id": "2", "object_repr": "Liz", "action_flag": 3, "change_message": ""}}, {"model": "admin.logentry", "pk": 2, "fields": {"action_time": "2025-11-14T21:40:07.236Z", "user": 1, "content_type": 4, "object_id": "3", "object_repr": "Molly", "action_flag": 3, "change_message": ""}}, {"model": "admin.logentry", "pk": 3, "fields": {"action_time": "2025-11-14T21:42:20.375Z", "user": 1, "content_type": 4, "object_id": "4", "object_repr": "Molly", "action_flag": 3, "change_message": ""}}, {"model": "admin.logentry", "pk": 4, "fields": {"action_time": "2025-11-14T21:57:29.553Z", "user": 1, "content_type": 4, "object_id": "5", "object_repr": "Molly", "action_flag": 3, "change_message": ""}}, {"model": "admin.logentry", "pk": 5, "fields": {"action_time": "2025-11-14T22:04:55.448Z", "user": 1, "content_type": 4, "object_id": "6", "object_repr": "Molly", "action_flag": 3, "change_message": ""}}, {"model": "admin.logentry", "pk": 6, "fields": {"action_time": "2025-11-14T22:06:50.372Z", "user": 1, "content_type": 4, "object_id": "7", "object_repr": "Molly", "action_flag": 3, "change_message": ""}}, {"model": "admin.logentry", "pk": 7, "fields": {"action_time": "2025-11-14T22:07:16.234Z", "user": 1, "content_type": 4, "object_id": "8", "object_repr": "Molly", "action_flag": 3, "change_message": ""}}, {"model": "admin.logentry", "pk": 8, "fields": {"action_time": "2025-11-14T22:22:11.451Z", "user": 1, "content_type": 4, "object_id": "9", "object_repr": "Molly", "action_flag": 2, "change_message": "[{\"changed\": {\"fields\": [\"Active\"]}}]"}}, {"model": "admin.logentry", "pk": 9, "fields": {"action_time": "2025-11-15T06:09:54.353Z", "user": 1, "content_type": 4, "object_id": "9", "object_repr": "Molly", "action_flag": 3, "change_message": ""}}, {"model": "admin.logentry", "pk": 10, "fields": {"action_time": "2025-11-15T06:14:56.537Z", "user": 1, "content_type": 4, "object_id": "10", "object_repr": "Molly", "action_flag": 3, "change_message": ""}}, {"model": "admin.logentry", "pk": 11, "fields": {"action_time": "2025-11-15T06:23:03.915Z", "user": 1, "content_type": 4, "object_id": "11", "object_repr": "Molly", "action_flag": 3, "change_message": ""}}, {"model": "admin.logentry", "pk": 12, "fields": {"action_time": "2025-11-15T06:40:35.912Z", "user": 1, "content_type": 4, "object_id": "12", "object_repr": "Molly", "action_flag": 3, "change_message": ""}}, {"model": "admin.logentry", "pk": 13, "fields": {"action_time": "2025-11-15T06:59:33.254Z", "user": 1, "content_type": 10, "object_id": "2", "object_repr": "Approval for Molly as publisher", "action_flag": 2, "change_message": "[{\"changed\": {\"fields\": [\"Declined for\"]}}]"}}, {"model": "admin.logentry", "pk": 14, "fields": {"action_time": "2025-11-15T11:24:24.978Z", "user": 1, "content_type": 4, "object_id": "17", "object_repr": "Sally", "action_flag": 3, "change_message": ""}}, {"model": "admin.logentry", "pk": 15, "fields": {"action_time": "2025-11-15T11:27:54.449Z", "user": 1, "content_type": 4, "object_id": "18", "object_repr": "Sally", "action_flag": 3, "change_message": ""}}, {"model": "admin.logentry", "pk": 16, "fields": {"action_time": "2025-11-15T11:30:54.959Z", "user": 1, "content_type": 4, "object_id": "19", "object_repr": "Sally", "action_flag": 3, "change_message": ""}}, {"model": "admin.logentry", "pk": 17, "fields": {"action_time": "2025-11-15T11:39:21.696Z", "user": 1, "content_type": 4, "object_id": "20", "object_repr": "Sally", "action_flag": 3, "change_message": ""}}, {"model": "admin.logentry", "pk": 18, "fields": {"action_time": "2025-11-15T12:20:07.635Z", "user": 1, "content_type": 4, "object_id": "22", "object_repr": "Jane", "action_flag": 3, "change_message": ""}}, {"model": "admin.logentry", "pk": 19, "fields": {"action_time": "2025-11-15T12:22:28.739Z", "user": 1, "content_type": 10, "object_id": "6", "object_repr": "Approval for Jane as editor", "action_flag": 3, "change_message": ""}}, {"model": "admin.logentry", "pk": 20, "fields": {"action_time": "2025-11-15T12:24:08.006Z", "user": 1, "content_type": 4, "object_id": "23", "object_repr": "Jane", "action_flag": 3, "change_message": ""}}, {"model": "admin.logentry", "pk": 21, "fields": {"action_time": "2025-11-17T07:19:38.906Z", "user": 1, "content_type": 4, "object_id": "25", "object_repr": "Kelly", "action_flag": 3, "change_message": ""}}, {"model": "admin.logentry", "pk": 22, "fields": {"action_time": "2025-11-17T07:20:40.618Z", "user": 1, "content_type": 8, "object_id": "11", "object_repr": "Kelly - reader", "action_flag": 3, "change_message": ""}}, {"model": "admin.logentry", "pk": 23, "fields": {"action_time": "2025-11-17T07:22:12.476Z", "user": 1, "content_type": 4, "object_id": "26", "object_repr": "Kelly", "action_flag": 3, "change_message": ""}}, {"model": "admin.logentry", "pk": 24, "fields": {"action_time": "2025-11-17T07:30:00.083Z", "user": 1, "content_type": 4, "object_id": "27", "object_repr": "Kelly", "action_flag": 3, "change_message": ""}}, {"model": "admin.logentry", "pk": 25, "fields": {"action_time": "2025-11-17T07:37:26.110Z", "user": 1, "content_type": 4, "object_id": "28", "object_repr": "Kelly", "action_flag": 3, "change_message": ""}}, {"model": "admin.logentry", "pk": 26, "fields": {"action_time": "2025-11-17T07:55:10.132Z", "user": 1, "content_type": 4, "object_id": "29", "object_repr": "Kelly", "action_flag": 3, "change_message": ""}}, {"model": "admin.logentry", "pk": 27, "fields": {"action_time": "2025-11-17T08:09:57.476Z", "user": 1, "content_type": 4, "object_id": "30", "object_repr": "Kelly", "action_flag": 3, "change_message": ""}}, {"model": "admin.logentry", "pk": 28, "fields": {"action_time": "2025-11-19T14:26:58.390Z", "user": 1, "content_type": 9, "object_id": "5", "object_repr": "National Treasury Announces Mid-Year Budget Review", "action_flag": 2, "change_message": "[{\"changed\": {\"fields\": [\"Status\"]}}]"}}, {"model": "admin.logentry", "pk": 29, "fields": {"action_time": "2025-11-19T14:28:34.214Z", "user": 1, "content_type": 9, "object_id": "5", "object_repr": "National Treasury Announces Mid-Year Budget Review", "action_flag": 2, "change_message": "[{\"changed\": {\"fields\": [\"Published at\"]}}]"}}, {"model": "admin.logentry", "pk": 30, "fields": {"action_time": "2025-11-19T14:28:41.696Z", "user": 1, "content_type": 9, "object_id": "5", "object_repr": "National Treasury Announces Mid-Year Budget Review", "action_flag": 2, "change_message": "[]"}}, {"model": "admin.logentry", "pk": 31, "fields": {"action_time": "2025-11-20T12:13:23.649Z", "user": 1, "content_type": 4, "object_id": "33", "object_repr": "Samantha", "action_flag": 3, "change_message": ""}}, {"model": "admin.logentry", "pk": 32, "fields": {"action_time": "2025-11-20T12:19:21.840Z", "user": 1, "content_type": 7, "object_id": "6", "object_repr": "Dineo Mokoena", "action_flag": 2, "change_message": "[{\"changed\": {\"fields\": [\"Editor photo\"]}}]"}}, {"model": "admin.logentry", "pk": 33, "fields": {"action_time": "2025-11-20T12:19:28.271Z", "user": 1, "content_type": 7, "object_id": "4", "object_repr": "Gideon Franks", "action_flag": 2, "change_message": "[{\"changed\": {\"fields\": [\"Editor photo\"]}}]"}}, {"model": "admin.logentry", "pk": 34, "fields": {"action_time": "2025-11-20T12:19:47.118Z", "user": 1, "content_type": 7, "object_id": "3", "object_repr": "Jack Daniels", "action_flag": 2, "change_message": "[{\"changed\": {\"fields\": [\"Editor photo\"]}}]"}}, {"model": "admin.logentry", "pk": 35, "fields": {"action_time": "2025-11-20T12:19:58.535Z", "user": 1, "content_type": 11, "object_id": "3", "object_repr": "Samantha Goodwill", "action_flag": 2, "change_message": "[{\"changed\": {\"fields\": [\"Journalist photo\"]}}]"}}, {"model": "admin.logentry", "pk": 36, "fields": {"action_time": "2025-11-20T12:20:06.738Z", "user": 1, "content_type": 11, "object_id": "2", "object_repr": "Jane Smith", "action_flag": 2, "change_message": "[{\"changed\": {\"fields\": [\"Journalist photo\"]}}]"}}, {"model": "admin.logentry", "pk": 37, "fields": {"action_time": "2025-11-20T12:20:25.310Z", "user": 1, "content_type": 14, "object_id": "2", "object_repr": "Subscriber: Brandon", "action_flag": 2, "change_message": "[{\"changed\": {\"fields\": [\"Email\"]}}]"}}, {"model": "admin.logentry", "pk": 38, "fields": {"action_time": "2025-11-20T12:20:46.010Z", "user": 1, "content_type": 14, "object_id": "1", "object_repr": "Subscriber: Kelly", "action_flag": 2, "change_message": "[{\"changed\": {\"fields\": [\"Reader photo\", \"Email\"]}}]"}}, {"model": "admin.logentry", "pk": 39, "fields": {"action_time": "2025-11-20T12:21:22.789Z", "user": 1, "content_type": 11, "object_id": "3", "object_repr": "Samantha Goodwill", "action_flag": 2, "change_message": "[]"}}, {"model": "admin.logentry", "pk": 40, "fields": {"action_time": "2025-11-21T11:38:53.504Z", "user": 1, "content_type": 11, "object_id": "4", "object_repr": "Vernon Gouws", "action_flag": 2, "change_message": "[]"}}, {"model": "admin.logentry", "pk": 41, "fields": {"action_time": "2025-11-21T11:47:19.415Z", "user": 1, "content_type": 4, "object_id": "38", "object_repr": "Vernon", "action_flag": 3, "change_message": ""}}, {"model": "admin.logentry", "pk": 42, "fields": {"action_time": "2025-11-21T11:59:27.513Z", "user": 1, "content_type": 7, "object_id": "6", "object_repr": "Dineo Mokoena (Fashion)", "action_flag": 2, "change_message": "[{\"changed\": {\"fields\": [\"Editor interests\"]}}]"}}, {"model": "admin.logentry", "pk": 43, "fields": {"action_time": "2025-11-21T11:59:35.309Z", "user": 1, "content_type": 7, "object_id": "4", "object_repr": "Gideon Franks (Politics)", "action_flag": 2, "change_message": "[{\"changed\": {\"fields\": [\"Editor interests\"]}}]"}}, {"model": "admin.logentry", "pk": 44, "fields": {"action_time": "2025-11-21T11:59:42.597Z", "user": 1, "content_type": 7, "object_id": "3", "object_repr": "Jack Daniels (Sport)", "action_flag": 2, "change_message": "[{\"changed\": {\"fields\": [\"Editor interests\"]}}]"}}, {"model": "admin.logentry", "pk": 45, "fields": {"action_time": "2025-11-22T08:54:37.867Z", "user": 1, "content_type": 12, "object_id": "11", "object_repr": "Garrix Publication House", "action_flag": 2, "change_message": "[{\"changed\": {\"fields\": [\"Publisher logo\"]}}]"}}, {"model": "admin.logentry", "pk": 46, "fields": {"action_time": "2025-11-22T08:54:45.720Z", "user": 1, "content_type": 12, "object_id": "11", "object_repr": "Garrix Publication House", "action_flag": 2, "change_message": "[{\"changed\": {\"fields\": [\"Publisher logo\"]}}]"}}, {"model": "admin.logentry", "pk": 47, "fields": {"action_time": "2025-11-22T10:40:15.039Z", "user": 1, "content_type": 9, "object_id": "18", "object_repr": "Eben Etzebeth Breaks Springbok Appearance Record", "action_flag": 2, "change_message": "[{\"changed\": {\"fields\": [\"Status\"]}}]"}}, {"model": "admin.logentry", "pk": 48, "fields": {"action_time": "2025-11-22T10:42:11.161Z", "user": 1, "content_type": 9, "object_id": "18", "object_repr": "Eben Etzebeth Breaks Springbok Appearance Record", "action_flag": 2, "change_message": "[{\"changed\": {\"fields\": [\"Status\"]}}]"}}, {"model": "admin.logentry", "pk": 49, "fields": {"action_time": "2025-11-22T10:42:38.589Z", "user": 1, "content_type": 9, "object_id": "13", "object_repr": "Property Market Shows Signs of Recovery in Major Cities", "action_flag": 2, "change_message": "[{\"changed\": {\"fields\": [\"Status\"]}}]"}}, {"model": "admin.logentry", "pk": 50, "fields": {"action_time": "2025-11-22T17:27:56.604Z", "user": 1, "content_type": 13, "object_id": "3", "object_repr": "My first newsletter", "action_flag": 3, "change_message": ""}}, {"model": "admin.logentry", "pk": 51, "fields": {"action_time": "2025-11-22T17:27:56.604Z", "user": 1, "content_type": 13, "object_id": "2", "object_repr": "My first Publisher Newsletter", "action_flag": 3, "change_message": ""}}, {"model": "admin.logentry", "pk": 52, "fields": {"action_time": "2025-11-22T17:27:56.604Z", "user": 1, "content_type": 13, "object_id": "1", "object_repr": "My first Publisher Newsletter", "action_flag": 3, "change_message": ""}}, {"model": "admin.logentry", "pk": 53, "fields": {"action_time": "2025-11-22T17:28:09.384Z", "user": 1, "content_type": 13, "object_id": "4", "object_repr": "My first newsletter as a Journalist", "action_flag": 2, "change_message": "[{\"changed\": {\"fields\": [\"Status\"]}}]"}}, {"model": "admin.logentry", "pk": 54, "fields": {"action_time": "2025-11-22T17:36:20.951Z", "user": 1, "content_type": 13, "object_id": "4", "object_repr": "My first newsletter as a Journalist", "action_flag": 2, "change_message": "[{\"changed\": {\"fields\": [\"Status\"]}}]"}}, {"model": "admin.logentry", "pk": 55, "fields": {"action_time": "2025-11-22T18:28:49.344Z", "user": 1, "content_type": 13, "object_id": "4", "object_repr": "My first newsletter as a Journalist", "action_flag": 2, "change_message": "[{\"changed\": {\"fields\": [\"Status\"]}}]"}}, {"model": "admin.logentry", "pk": 56, "fields": {"action_time": "2025-11-22T18:34:13.976Z", "user": 1, "content_type": 13, "object_id": "4", "object_repr": "My first newsletter as a Journalist", "action_flag": 2, "change_message": "[]"}}, {"model": "admin.logentry", "pk": 57, "fields": {"action_time": "2025-11-22T18:44:35.577Z", "user": 1, "content_type": 9, "object_id": "15", "object_repr": "Tyla's Global Success Inspires New Generation of SA Artists", "action_flag": 2, "change_message": "[{\"changed\": {\"fields\": [\"Status\"]}}]"}}, {"model": "admin.logentry", "pk": 58, "fields": {"action_time": "2025-11-22T19:05:16.662Z", "user": 1, "content_type": 14, "object_id": "2", "object_repr": "Subscriber: Brandon", "action_flag": 2, "change_message": "[]"}}, {"model": "admin.logentry", "pk": 59, "fields": {"action_time": "2025-11-22T19:05:32.004Z", "user": 1, "content_type": 9, "object_id": "18", "object_repr": "Eben Etzebeth Breaks Springbok Appearance Record", "action_flag": 2, "change_message": "[{\"changed\": {\"fields\": [\"Status\"]}}]"}}, {"model": "admin.logentry", "pk": 60, "fields": {"action_time": "2025-11-22T19:15:56.148Z", "user": 1, "content_type": 9, "object_id": "18", "object_repr": "Eben Etzebeth Breaks Springbok Appearance Record", "action_flag": 2, "change_message": "[{\"changed\": {\"fields\": [\"Status\"]}}]"}}, {"model": "admin.logentry", "pk": 61, "fields": {"action_time": "2025-11-22T19:16:02.484Z", "user": 1, "content_type": 9, "object_id": "17", "object_repr": "Springboks Dominate Rugby Championship with Unbeaten Record", "action_flag": 2, "change_message": "[]"}}, {"model": "admin.logentry", "pk": 62, "fields": {"action_time": "2025-11-22T19:16:06.066Z", "user": 1, "content_type": 9, "object_id": "15", "object_repr": "Tyla's Global Success Inspires New Generation of SA Artists", "action_flag": 2, "change_message": "[]"}}, {"model": "admin.logentry", "pk": 63, "fields": {"action_time": "2025-11-22T19:16:26.674Z", "user": 1, "content_type": 7, "object_id": "3", "object_repr": "Jack Daniels (Sport)", "action_flag": 2, "change_message": "[]"}}, {"model": "admin.logentry", "pk": 64, "fields": {"action_time": "2025-11-22T19:17:38.912Z", "user": 1, "content_type": 9, "object_id": "18", "object_repr": "Eben Etzebeth Breaks Springbok Appearance Record", "action_flag": 2, "change_message": "[{\"changed\": {\"fields\": [\"Status\"]}}]"}}, {"model": "admin.logentry", "pk": 65, "fields": {"action_time": "2025-11-22T19:21:59.730Z", "user": 1, "content_type": 9, "object_id": "18", "object_repr": "Eben Etzebeth Breaks Springbok Appearance Record", "action_flag": 2, "change_message": "[{\"changed\": {\"fields\": [\"Status\"]}}]"}}, {"model": "admin.logentry", "pk": 66, "fields": {"action_time": "2025-11-22T19:31:48.012Z", "user": 1, "content_type": 9, "object_id": "18", "object_repr": "Eben Etzebeth Breaks Springbok Appearance Record", "action_flag": 2, "change_message": "[{\"changed\": {\"fields\": [\"Status\"]}}]"}}, {"model": "admin.logentry", "pk": 67, "fields": {"action_time": "2025-11-22T19:49:07.847Z", "user": 1, "content_type": 9, "object_id": "18", "object_repr": "Eben Etzebeth Breaks Springbok Appearance Record", "action_flag": 2, "change_message": "[{\"changed\": {\"fields\": [\"Status\"]}}]"}}, {"model": "admin.logentry", "pk": 68, "fields": {"action_time": "2025-11-22T19:49:39.059Z", "user": 1, "content_type": 8, "object_id": "16", "object_repr": "Kelly - reader", "action_flag": 3, "change_message": ""}}, {"model": "admin.logentry", "pk": 69, "fields": {"action_time": "2025-11-22T19:50:02.174Z", "user": 1, "content_type": 8, "object_id": "21", "object_repr": "Brandon - reader", "action_flag": 3, "change_message": ""}}, {"model": "admin.logentry", "pk": 70, "fields": {"action_time": "2025-11-22T19:50:10.038Z", "user": 1, "content_type": 4, "object_id": "36", "object_repr": "Brandon", "action_flag": 3, "change_message": ""}}, {"model": "admin.logentry", "pk": 71, "fields": {"action_time": "2025-11-22T19:50:10.038Z", "user": 1, "content_type": 4, "object_id": "31", "object_repr": "Kelly", "action_flag": 3, "change_message": ""}}, {"model": "admin.logentry", "pk": 72, "fields": {"action_time": "2025-11-22T20:00:59.413Z", "user": 1, "content_type": 4, "object_id": "43", "object_repr": "Kelly", "action_flag": 3, "change_message": ""}}, {"model": "admin.logentry", "pk": 73, "fields": {"action_time": "2025-11-22T20:51:07.887Z", "user": 1, "content_type": 9, "object_id": "18", "object_repr": "Eben Etzebeth Breaks Springbok Appearance Record", "action_flag": 2, "change_message": "[{\"changed\": {\"fields\": [\"Status\"]}}]"}}, {"model": "admin.logentry", "pk": 74, "fields": {"action_time": "2025-11-22T20:55:22.748Z", "user": 1, "content_type": 9, "object_id": "18", "object_repr": "Eben Etzebeth Breaks Springbok Appearance Record", "action_flag": 2, "change_message": "[{\"changed\": {\"fields\": [\"Status\"]}}]"}}, {"model": "admin.logentry", "pk": 75, "fields": {"action_time": "2025-11-22T20:56:13.305Z", "user": 1, "content_type": 4, "object_id": "44", "object_repr": "Kelly", "action_flag": 2, "change_message": "[{\"changed\": {\"fields\": [\"Email address\"]}}]"}}, {"model": "admin.logentry", "pk": 76, "fields": {"action_time": "2025-11-22T21:01:23.354Z", "user": 1, "content_type": 4, "object_id": "44", "object_repr": "Kelly", "action_flag": 3, "change_message": ""}}, {"model": "admin.logentry", "pk": 77, "fields": {"action_time": "2025-11-22T21:01:23.354Z", "user": 1, "content_type": 4, "object_id": "42", "object_repr": "Paula", "action_flag": 3, "change_message": ""}}, {"model": "admin.logentry", "pk": 78, "fields": {"action_time": "2025-11-22T21:08:03.204Z", "user": 1, "content_type": 9, "object_id": "17", "object_repr": "Springboks Dominate Rugby Championship with Unbeaten Record", "action_flag": 2, "change_message": "[{\"changed\": {\"fields\": [\"Status\"]}}]"}}, {"model": "admin.logentry", "pk": 79, "fields": {"action_time": "2025-11-22T21:08:08.069Z", "user": 1, "content_type": 9, "object_id": "18", "object_repr": "Eben Etzebeth Breaks Springbok Appearance Record", "action_flag": 2, "change_message": "[{\"changed\": {\"fields\": [\"Status\"]}}]"}}, {"model": "auth.permission", "pk": 1, "fields": {"name": "Can add log entry", "content_type": 1, "codename": "add_logentry"}}, {"model": "auth.permission", "pk": 2, "fields": {"name": "Can change log entry", "content_type": 1, "codename": "change_logentry"}}, {"model": "auth.permission", "pk": 3, "fields": {"name": "Can delete log entry", "content_type": 1, "codename": "delete_logentry"}}, {"model": "auth.permission", "pk": 4, "fields": {"name": "Can view log entry", "content_type": 1, "codename": "view_logentry"}}, {"model": "auth.permission", "pk": 5, "fields": {"name": "Can add permission", "content_type": 2, "codename": "add_permission"}}, {"model": "auth.permission", "pk": 6, "fields": {"name": "Can change permission", "content_type": 2, "codename": "change_permission"}}, {"model": "auth.permission", "pk": 7, "fields": {"name": "Can delete permission", "content_type": 2, "codename": "delete_permission"}}, {"model": "auth.permission", "pk": 8, "fields": {"name": "Can view permission", "content_type": 2, "codename": "view_permission"}}, {"model": "auth.permission", "pk": 9, "fields": {"name": "Can add group", "content_type": 3, "codename": "add_group"}}, {"model": "auth.permission", "pk": 10, "fields": {"name": "Can change group", "content_type": 3, "codename": "change_group"}}, {"model": "auth.permission", "pk": 11, "fields": {"name": "Can delete group", "content_type": 3, "codename": "delete_group"}}, {"model": "auth.permission", "pk": 12, "fields": {"name": "Can view group", "content_type": 3, "codename": "view_group"}}, {"model": "auth.permission", "pk": 13, "fields": {"name": "Can add user", "content_type": 4, "codename": "add_user"}}, {"model": "auth.permission", "pk": 14, "fields": {"name": "Can change user", "content_type": 4, "codename": "change_user"}}, {"model": "auth.permission", "pk": 15, "fields": {"name": "Can delete user", "content_type": 4, "codename": "delete_user"}}, {"model": "auth.permission", "pk": 16, "fields": {"name": "Can view user", "content_type": 4, "codename": "view_user"}}, {"model": "auth.permission", "pk": 17, "fields": {"name": "Can add content type", "content_type": 5, "codename": "add_contenttype"}}, {"model": "auth.permission", "pk": 18, "fields": {"name": "Can change content type", "content_type": 5, "codename": "change_contenttype"}}, {"model": "auth.permission", "pk": 19, "fields": {"name": "Can delete content type", "content_type": 5, "codename": "delete_contenttype"}}, {"model": "auth.permission", "pk": 20, "fields": {"name": "Can view content type", "content_type": 5, "codename": "view_contenttype"}}, {"model": "auth.permission", "pk": 21, "fields": {"name": "Can add session", "content_type": 6, "codename": "add_session"}}, {"model": "auth.permission", "pk": 22, "fields": {"name": "Can change session", "content_type": 6, "codename": "change_session"}}, {"model": "auth.permission", "pk": 23, "fields": {"name": "Can delete session", "content_type": 6, "codename": "delete_session"}}, {"model": "auth.permission", "pk": 24, "fields": {"name": "Can view session", "content_type": 6, "codename": "view_session"}}, {"model": "auth.permission", "pk": 25, "fields": {"name": "Can add editor", "content_type": 7, "codename": "add_editor"}}, {"model": "auth.permission", "pk": 26, "fields": {"name": "Can change editor", "content_type": 7, "codename": "change_editor"}}, {"model": "auth.permission", "pk": 27, "fields": {"name": "Can delete editor", "content_type": 7, "codename": "delete_editor"}}, {"model": "auth.permission", "pk": 28, "fields": {"name": "Can view editor", "content_type": 7, "codename": "view_editor"}}, {"model": "auth.permission", "pk": 29, "fields": {"name": "Can add custom user", "content_type": 8, "codename": "add_customuser"}}, {"model": "auth.permission", "pk": 30, "fields": {"name": "Can change custom user", "content_type": 8, "codename": "change_customuser"}}, {"model": "auth.permission", "pk": 31, "fields": {"name": "Can delete custom user", "content_type": 8, "codename": "delete_customuser"}}, {"model": "auth.permission", "pk": 32, "fields": {"name": "Can view custom user", "content_type": 8, "codename": "view_customuser"}}, {"model": "auth.permission", "pk": 33, "fields": {"name": "Can add article", "content_type": 9, "codename": "add_article"}}, {"model": "auth.permission", "pk": 34, "fields": {"name": "Can change article", "content_type": 9, "codename": "change_article"}}, {"model": "auth.permission", "pk": 35, "fields": {"name": "Can delete article", "content_type": 9, "codename": "delete_article"}}, {"model": "auth.permission", "pk": 36, "fields": {"name": "Can view article", "content_type": 9, "codename": "view_article"}}, {"model": "auth.permission", "pk": 37, "fields": {"name": "Can add admin approval", "content_type": 10, "codename": "add_adminapproval"}}, {"model": "auth.permission", "pk": 38, "fields": {"name": "Can change admin approval", "content_type": 10, "codename": "change_adminapproval"}}, {"model": "auth.permission", "pk": 39, "fields": {"name": "Can delete admin approval", "content_type": 10, "codename": "delete_adminapproval"}}, {"model": "auth.permission", "pk": 40, "fields": {"name": "Can view admin approval", "content_type": 10, "codename": "view_adminapproval"}}, {"model": "auth.permission", "pk": 41, "fields": {"name": "Can add journalist", "content_type": 11, "codename": "add_journalist"}}, {"model": "auth.permission", "pk": 42, "fields": {"name": "Can change journalist", "content_type": 11, "codename": "change_journalist"}}, {"model": "auth.permission", "pk": 43, "fields": {"name": "Can delete journalist", "content_type": 11, "codename": "delete_journalist"}}, {"model": "auth.permission", "pk": 44, "fields": {"name": "Can view journalist", "content_type": 11, "codename": "view_journalist"}}, {"model": "auth.permission", "pk": 45, "fields": {"name": "Can add publisher", "content_type": 12, "codename": "add_publisher"}}, {"model": "auth.permission", "pk": 46, "fields": {"name": "Can change publisher", "content_type": 12, "codename": "change_publisher"}}, {"model": "auth.permission", "pk": 47, "fields": {"name": "Can delete publisher", "content_type": 12, "codename": "delete_publisher"}}, {"model": "auth.permission", "pk": 48, "fields": {"name": "Can view publisher", "content_type": 12, "codename": "view_publisher"}}, {"model": "auth.permission", "pk": 49, "fields": {"name": "Can add newsletter", "content_type": 13, "codename": "add_newsletter"}}, {"model": "auth.permission", "pk": 50, "fields": {"name": "Can change newsletter", "content_type": 13, "codename": "change_newsletter"}}, {"model": "auth.permission", "pk": 51, "fields": {"name": "Can delete newsletter", "content_type": 13, "codename": "delete_newsletter"}}, {"model": "auth.permission", "pk": 52, "fields": {"name": "Can view newsletter", "content_type": 13, "codename": "view_newsletter"}}, {"model": "auth.permission", "pk": 53, "fields": {"name": "Can add subscription", "content_type": 14, "codename": "add_subscription"}}, {"model": "auth.permission", "pk": 54, "fields": {"name": "Can change subscription", "content_type": 14, "codename": "change_subscription"}}, {"model": "auth.permission", "pk": 55, "fields": {"name": "Can delete subscription", "content_type": 14, "codename": "delete_subscription"}}, {"model": "auth.permission", "pk": 56, "fields": {"name": "Can view subscription", "content_type": 14, "codename": "view_subscription"}}, {"model": "auth.permission", "pk": 57, "fields": {"name": "Can add reader", "content_type": 14, "codename": "add_reader"}}, {"model": "auth.permission", "pk": 58, "fields": {"name": "Can change reader", "content_type": 14, "codename": "change_reader"}}, {"model": "auth.permission", "pk": 59, "fields": {"name": "Can delete reader", "content_type": 14, "codename": "delete_reader"}}, {"model": "auth.permission", "pk": 60, "fields": {"name": "Can view reader", "content_type": 14, "codename": "view_reader"}}, {"model": "auth.permission", "pk": 61, "fields": {"name": "Can add reset token", "content_type": 15, "codename": "add_resettoken"}}, {"model": "auth.permission", "pk": 62, "fields": {"name": "Can change reset token", "content_type": 15, "codename": "change_resettoken"}}, {"model": "auth.permission", "pk": 63, "fields": {"name": "Can delete reset token", "content_type": 15, "codename": "delete_resettoken"}}, {"model": "auth.permission", "pk": 64, "fields": {"name": "Can view reset token", "content_type": 15, "codename": "view_resettoken"}}, {"model": "auth.group", "pk": 1, "fields": {"name": "Publisher", "permissions": [33, 34, 35, 36, 49, 50, 51, 52]}}, {"model": "auth.group", "pk": 2, "fields": {"name": "Editor", "permissions": [34, 35, 36, 50, 51, 52]}}, {"model": "auth.group", "pk": 3, "fields": {"name": "Journalist", "permissions": [33, 34, 35, 36, 49, 50, 51, 52]}}, {"model": "auth.group", "pk": 4, "fields": {"name": "Reader", "permissions": [36, 52]}}, {"model": "auth.user", "pk": 1, "fields": {"password": "pbkdf2_sha256$1000000$bSBKUCrNqefMM9RZAK9pCI$wKIDw6lAxLzhxDgdj9fZTSsvKDvJnZfJdY3pnX82cmc=", "last_login": "2025-11-22T21:07:54.002Z", "is_superuser": true, "username": "lizfuzy", "first_name": "", "last_name": "", "email": "lizfuzy@gmail.com", "is_staff": true, "is_active": true, "date_joined": "2025-11-14T12:39:54.198Z", "groups": [], "user_permissions": []}}, {"model": "auth.user", "pk": 16, "fields": {"password": "pbkdf2_sha256$1000000$Hb0xK2ErkI3SuR2d8naT9k$DDOYBLywzTMsjf3+TAnn0cRjJysSp0dqXNqawYOLSOg=", "last_login": "2025-11-22T10:28:07.261Z", "is_superuser": false, "username": "Molly", "first_name": "", "last_name": "", "email": "lizane.minnaar@gmail.com", "is_staff": false, "is_active": true, "date_joined": "2025-11-15T07:00:08.214Z", "groups": [1], "user_permissions": []}}, {"model": "auth.user", "pk": 21, "fields": {"password": "pbkdf2_sha256$1000000$W8JPVGs8yEzbMsxrYtsx1P$jUSDX48clEOlAn1ppvtlVmOnAgVn50KjpMx/JEvQUV4=", "last_login": "2025-11-22T21:08:56.103Z", "is_superuser": false, "username": "Jack", "first_name": "", "last_name": "", "email": "lizane.minnaar@gmail.com", "is_staff": false, "is_active": true, "date_joined": "2025-11-15T11:41:08.493Z", "groups": [2], "user_permissions": []}}, {"model": "auth.user", "pk": 24, "fields": {"password": "pbkdf2_sha256$1000000$jgsuy3yByqFmlr00xAaA5n$rrM7ElPGzixTlqY2C1OylbwWrVyNSTsnBqV/f7CQajM=", "last_login": "2025-11-22T21:11:31.528Z", "is_superuser": false, "username": "Jane", "first_name": "", "last_name": "", "email": "lizane.minnaar@gmail.com", "is_staff": false, "is_active": true, "date_joined": "2025-11-15T12:28:29.573Z", "groups": [3], "user_permissions": []}}, {"model": "auth.user", "pk": 32, "fields": {"password": "pbkdf2_sha256$1000000$RMVRNPEb0aqjFWgsd8bVR8$9s6GQmRrdJ2wubL2E7GkdK0Er98bMLndEqgUfamvUFw=", "last_login": "2025-11-22T18:31:42.974Z", "is_superuser": false, "username": "Gideon", "first_name": "", "last_name": "", "email": "lizane.minnaar@gmail.com", "is_staff": false, "is_active": true, "date_joined": "2025-11-18T20:08:54.858Z", "groups": [2], "user_permissions": []}}, {"model": "auth.user", "pk": 34, "fields": {"password": "pbkdf2_sha256$1000000$oyl9J1MbMWkrFTCHIpNJ4B$6lV2Z881+NU3sb7uZ963OXVM7eqBx2M9yi+iAQDi1FE=", "last_login": "2025-11-22T21:12:45.087Z", "is_superuser": false, "username": "Dineo", "first_name": "", "last_name": "", "email": "lizane.minnaar@gmail.com", "is_staff": false, "is_active": true, "date_joined": "2025-11-20T10:32:40.046Z", "groups": [2], "user_permissions": []}}, {"model": "auth.user", "pk": 35, "fields": {"password": "pbkdf2_sha256$1000000$tIwpeDYMVS3ojBHS3IxmTX$9jrky9On4VIe4GeeIt9rTV3UaMJ9Bkodiv6XefLW4IQ=", "last_login": "2025-11-21T13:31:07.655Z", "is_superuser": false, "username": "Craig", "first_name": "", "last_name": "", "email": "lizane.minnaar@gmail.com", "is_staff": false, "is_active": true, "date_joined": "2025-11-20T10:33:48.286Z", "groups": [1], "user_permissions": []}}, {"model": "auth.user", "pk": 37, "fields": {"password": "pbkdf2_sha256$1000000$cATqwZWORiEY5Dmz5mCZfs$RevI2lrKJP1StO1S79gWR4gaZHSeOBXziK47NwTMSbc=", "last_login": "2025-11-22T06:17:58.730Z", "is_superuser": false, "username": "Samantha", "first_name": "", "last_name": "", "email": "lizane.minnaar@gmail.com", "is_staff": false, "is_active": true, "date_joined": "2025-11-20T12:15:01.432Z", "groups": [3], "user_permissions": []}}, {"model": "auth.user", "pk": 39, "fields": {"password": "pbkdf2_sha256$1000000$AuJTrhvE2p7foGseGz0FYS$vHtuB3XvzF2/yfjXr2Xe+v40Bfpqwgk3YKjzg+CwHNU=", "last_login": "2025-11-22T06:15:49.136Z", "is_superuser": false, "username": "Vernon", "first_name": "", "last_name": "", "email": "lizane.minnaar@gmail.com", "is_staff": false, "is_active": true, "date_joined": "2025-11-21T11:53:05.258Z", "groups": [2], "user_permissions": []}}, {"model": "auth.user", "pk": 40, "fields": {"password": "pbkdf2_sha256$1000000$vdAd49eATkdbjY1EOdbzkN$FUPbjV9IyI19aOPwCD6bzC+R2TBuotFWq2fDU9b6D+0=", "last_login": "2025-11-22T06:16:39.590Z", "is_superuser": false, "username": "Nelly", "first_name": "", "last_name": "", "email": "lizane.minnaar@gmail.com", "is_staff": false, "is_active": true, "date_joined": "2025-11-21T11:55:59.408Z", "groups": [3], "user_permissions": []}}, {"model": "auth.user", "pk": 41, "fields": {"password": "pbkdf2_sha256$1000000$UqOm8UbU0MecWLLjYLfc0J$baRMy8F0ZND/9xlq0tvHR8frxQX2Tf6xAdzESb8WleY=", "last_login": "2025-11-22T18:44:53.040Z", "is_superuser": false, "username": "Jason", "first_name": "", "last_name": "", "email": "lizane.minnaar@gmail.com", "is_staff": false, "is_active": true, "date_joined": "2025-11-21T11:58:38.031Z", "groups": [1], "user_permissions": []}}, {"model": "auth.user", "pk": 45, "fields": {"password": "pbkdf2_sha256$1000000$Dm4EnlGmQbMJ5umjWrTmb5$zZPWKzAaRUgkQKz4mSJ9wdtIbZ1wQ7zBKjYkvI74Wc4=", "last_login": "2025-11-22T21:08:25.492Z", "is_superuser": false, "username": "Kelly", "first_name": "", "last_name": "", "email": "pihera3532@bipochub.com", "is_staff": false, "is_active": true, "date_joined": "2025-11-22T21:06:33.095Z", "groups": [4], "user_permissions": []}}, {"model": "auth.user", "pk": 46, "fields": {"password": "pbkdf2_sha256$1000000$nOh0zNNmYlIxofVFQvdV1L$UuqkOZFkWufQ2g4QAROzhGOCrCJ1d8VnXSo0k9OwV8A=", "last_login": "2025-11-22T21:08:38.375Z", "is_superuser": false, "username": "Paula", "first_name": "", "last_name": "", "email": "lizane.minnaar@gmail.com", "is_staff": false, "is_active": true, "date_joined": "2025-11-22T21:07:03.089Z", "groups": [4], "user_permissions": []}}, {"model": "auth.user", "pk": 47, "fields": {"password": "pbkdf2_sha256$1000000$2aAVaE3GWzu82rzzGQvjXc$Pz0fz/RNkKb/jDLvGje2Da8TtR8cXxwB9oykKAyafX8=", "last_login": "2025-11-22T23:08:22.324Z", "is_superuser": false, "username": "Brandon", "first_name": "", "last_name": "", "email": "lizane.minnaar@gmail.com", "is_staff": false, "is_active": true, "date_joined": "2025-11-22T23:08:14.847Z", "groups": [4], "user_permissions": []}}, {"model": "contenttypes.contenttype", "pk": 1, "fields": {"app_label": "admin", "model": "logentry"}}, {"model": "contenttypes.contenttype", "pk": 2, "fields": {"app_label": "auth", "model": "permission"}}, {"model": "contenttypes.contenttype", "pk": 3, "fields": {"app_label": "auth", "model": "group"}}, {"model": "contenttypes.contenttype", "pk": 4, "fields": {"app_label": "auth", "model": "user"}}, {"model": "contenttypes.contenttype", "pk": 5, "fields": {"app_label": "contenttypes", "model": "contenttype"}}, {"model": "contenttypes.contenttype", "pk": 6, "fields": {"app_label": "sessions", "model": "session"}}, {"model": "contenttypes.contenttype", "pk": 7, "fields": {"app_label": "news2u", "model": "editor"}}, {"model": "contenttypes.contenttype", "pk": 8, "fields": {"app_label": "news2u", "model": "customuser"}}, {"model": "contenttypes.contenttype", "pk": 9, "fields": {"app_label": "news2u", "model": "article"}}, {"model": "contenttypes.contenttype", "pk": 10, "fields": {"app_label": "news2u", "model": "adminapproval"}}, {"model": "contenttypes.contenttype", "pk": 11, "fields": {"app_label": "news2u", "model": "journalist"}}, {"model": "contenttypes.contenttype", "pk": 12, "fields": {"app_label": "news2u", "model": "publisher"}}, {"model": "contenttypes.contenttype", "pk": 13, "fields": {"app_label": "news2u", "model": "newsletter"}}, {"model": "contenttypes.contenttype", "pk": 14, "fields": {"app_label": "news2u", "model": "reader"}}, {"model": "contenttypes.contenttype", "pk": 15, "fields": {"app_label": "news2u", "model": "resettoken"}}, {"model": "sessions.session", "pk": "ad4dsclxxl4l4m3bxv0513hk1kjgf9ue", "fields": {"session_data": ".eJxVjDsOwjAQRO_iGln-rD-hpM8ZrI29xgFkS3FSIe5OIqWAZop5b-bNAm5rCVunJcyJXRk4dvktJ4xPqgdJD6z3xmOr6zJP_FD4STsfW6LX7XT_Dgr2sq-z0SD2kDpasAaddslb9JJ8EkpEyEAejBECSYEHtDQkk61U2Q4mS_b5AuSlNyY:1vMwiM:KQCehkOQru-zAsbpzQDAYY9wvUZtq451ebZ5OstPI7I", "expire_date": "2025-12-06T23:08:22.325Z"}}, {"model": "sessions.session", "pk": "dz84yemssf6t6n0y762cgck2h24saa3g", "fields": {"session_data": "e30:1vK2Gx:LGm0bekk91c_1eubAXQKpQfj7EKAkys1ivFkUE8JD3E", "expire_date": "2025-11-28T22:28:03.630Z"}}, {"model": "sessions.session", "pk": "te2h81jz5q2xb2jjqpmmq76w3r8rslhl", "fields": {"session_data": "e30:1vK2FB:gUBr_awCYHeg1sS-_pdd6Kmrh3YhcYjJSDUplzxQAng", "expire_date": "2025-11-28T22:26:13.958Z"}}, {"model": "sessions.session", "pk": "xsdl413voarhkldiog5nwasl0bhh7026", "fields": {"session_data": "e30:1vK2By:99W2VWJ0QvGQ2i8UB9rROt9VcMmqb06WrIn74xQl3bY", "expire_date": "2025-11-28T22:22:54.345Z"}}, {"model": "news2u.customuser", "pk": 5, "fields": {"user": 16, "email": null, "role": "publisher", "created_at": "2025-11-15T07:00:08.412Z", "is_approved": true, "declined_for": null, "subscribed_publishers": [], "subscribed_journalists": []}}, {"model": "news2u.customuser", "pk": 6, "fields": {"user": 21, "email": null, "role": "editor", "created_at": "2025-11-15T11:41:08.653Z", "is_approved": true, "declined_for": null, "subscribed_publishers": [], "subscribed_journalists": []}}, {"model": "news2u.customuser", "pk": 9, "fields": {"user": 24, "email": null, "role": "journalist", "created_at": "2025-11-15T12:28:29.743Z", "is_approved": true, "declined_for": null, "subscribed_publishers": [], "subscribed_journalists": []}}, {"model": "news2u.customuser", "pk": 17, "fields": {"user": 32, "email": null, "role": "editor", "created_at": "2025-11-18T20:08:55.010Z", "is_approved": true, "declined_for": null, "subscribed_publishers": [], "subscribed_journalists": []}}, {"model": "news2u.customuser", "pk": 19, "fields": {"user": 34, "email": null, "role": "editor", "created_at": "2025-11-20T10:32:40.175Z", "is_approved": true, "declined_for": null, "subscribed_publishers": [], "subscribed_journalists": []}}, {"model": "news2u.customuser", "pk": 20, "fields": {"user": 35, "email": null, "role": "publisher", "created_at": "2025-11-20T10:33:48.520Z", "is_approved": true, "declined_for": null, "subscribed_publishers": [], "subscribed_journalists": []}}, {"model": "news2u.customuser", "pk": 22, "fields": {"user": 37, "email": null, "role": "journalist", "created_at": "2025-11-20T12:15:01.581Z", "is_approved": true, "declined_for": null, "subscribed_publishers": [], "subscribed_journalists": []}}, {"model": "news2u.customuser", "pk": 24, "fields": {"user": 39, "email": null, "role": "editor", "created_at": "2025-11-21T11:53:05.437Z", "is_approved": true, "declined_for": null, "subscribed_publishers": [], "subscribed_journalists": []}}, {"model": "news2u.customuser", "pk": 25, "fields": {"user": 40, "email": null, "role": "journalist", "created_at": "2025-11-21T11:55:59.608Z", "is_approved": true, "declined_for": null, "subscribed_publishers": [], "subscribed_journalists": []}}, {"model": "news2u.customuser", "pk": 26, "fields": {"user": 41, "email": null, "role": "publisher", "created_at": "2025-11-21T11:58:38.168Z", "is_approved": true, "declined_for": null, "subscribed_publishers": [], "subscribed_journalists": []}}, {"model": "news2u.customuser", "pk": 30, "fields": {"user": 45, "email": "pihera3532@bipochub.com", "role": "reader", "created_at": "2025-11-22T21:06:33.299Z", "is_approved": true, "declined_for": null, "subscribed_publishers": [11], "subscribed_journalists": [2, 3, 5]}}, {"model": "news2u.customuser", "pk": 31, "fields": {"user": 46, "email": "lizane.minnaar@gmail.com", "role": "reader", "created_at": "2025-11-22T21:07:03.230Z", "is_approved": true, "declined_for": null, "subscribed_publishers": [13], "subscribed_journalists": [2, 3, 5]}}, {"model": "news2u.customuser", "pk": 32, "fields": {"user": 47, "email": "lizane.minnaar@gmail.com", "role": "reader", "created_at": "2025-11-22T23:08:15.174Z", "is_approved": true, "declined_for": null, "subscribed_publishers": [], "subscribed_journalists": [5]}}, {"model": "news2u.publisher", "pk": 11, "fields": {"user": 16, "publisher_name": "Garrix Publication House", "publisher_description": "Fiction\r\nNon-fiction", "publisher_logo": "publisher_logo/book-logo.jpeg", "journalists": []}}, {"model": "news2u.publisher", "pk": 12, "fields": {"user": 35, "publisher_name": "PenCircle Publication House", "publisher_description": "World News and Politics", "publisher_logo": "publisher_logo/book_logo2.jpg", "journalists": []}}, {"model": "news2u.publisher", "pk": 13, "fields": {"user": 41, "publisher_name": "Jason Fig Publication House", "publisher_description": "Anything from fashion to house & home", "publisher_logo": "publisher_logo/Untitled_design.jpg", "journalists": []}}, {"model": "news2u.editor", "pk": 3, "fields": {"user": 21, "editor_name": "Jack Daniels", "editor_interests": "Sport", "editor_bio": "Sports Editor", "editor_photo": "editor_photos/vicky-hladynets-C8Ta0gwPbQg-unsplash.jpg", "publishers": []}}, {"model": "news2u.editor", "pk": 4, "fields": {"user": 32, "editor_name": "Gideon Franks", "editor_interests": "Politics", "editor_bio": "Politics", "editor_photo": "editor_photos/jsb-co-ZjDbRtR_BcE-unsplash.jpg", "publishers": []}}, {"model": "news2u.editor", "pk": 6, "fields": {"user": 34, "editor_name": "Dineo Mokoena", "editor_interests": "Fashion", "editor_bio": "Politics", "editor_photo": "editor_photos/philip-martin-5aGUyCW_PJw-unsplash.jpg", "publishers": []}}, {"model": "news2u.editor", "pk": 7, "fields": {"user": 39, "editor_name": "Vernon Gouws", "editor_interests": "House & Home", "editor_bio": "Wildlife enthusiast", "editor_photo": "editor_photos/jonas-kakaroto-KIPqvvTOC1s-unsplash.jpg", "publishers": []}}, {"model": "news2u.journalist", "pk": 2, "fields": {"user": 24, "journalist_name": "Jane Smith", "journalist_bio": "Entertainment", "journalist_photo": "journalist_photos/michael-dam-mEZ3PoFGs_k-unsplash.jpg", "created_at": "2025-11-15T12:28:29.748Z", "editors": []}}, {"model": "news2u.journalist", "pk": 3, "fields": {"user": 37, "journalist_name": "Samantha Goodwill", "journalist_bio": "Entertainment\r\nWorld News", "journalist_photo": "journalist_photos/jake-nackos-IF9TK5Uy-KI-unsplash.jpg", "created_at": "2025-11-20T12:15:01.586Z", "editors": []}}, {"model": "news2u.journalist", "pk": 5, "fields": {"user": 40, "journalist_name": "Nelly Tsengiwe", "journalist_bio": "I love fashion", "journalist_photo": "journalist_photos/batel-studio-ttSRjiYG_WM-unsplash.jpg", "created_at": "2025-11-21T11:55:59.614Z", "editors": []}}, {"model": "news2u.article", "pk": 5, "fields": {"article_title": "National Treasury Announces Mid-Year Budget Review", "article_content": "Finance Minister Enoch Godongwana presented the mid-year budget policy statement, revealing a narrower-than-expected budget deficit. The Treasury attributed the improvement to better tax collection and reduced government spending. However, concerns remain about rising public sector wage bills and the financial sustainability of state-owned enterprises. Economic growth projections have been revised upward to 1.8% for 2025. This is an editor update here.", "article_photo": "article_photos/markus-spiske-p2Xor4Lbrrk-unsplash.jpg", "journalist": 2, "publisher": 11, "editor": 3, "editor_comments": "", "submitted_at": "2025-11-18T17:57:31Z", "is_approved": true, "status": "published_publisher", "published_at": "2025-11-19T14:55:41.772Z"}}, {"model": "news2u.article", "pk": 6, "fields": {"article_title": "Cape Town Metro Unveils New Public Transport Initiative", "article_content": "The City of Cape Town has announced a R2.5 billion investment in expanding its MyCiTi bus network. Mayor Geordin Hill-Lewis stated that the initiative aims to connect previously underserved areas to the city center. The plan includes 15 new routes and 200 additional buses over the next three years. Opposition parties have welcomed the move but called for greater consultation with affected communities.", "article_photo": "article_photos/getty-images-AQsWpyUbiYQ-unsplash.jpg", "journalist": 2, "publisher": null, "editor": 3, "editor_comments": "", "submitted_at": "2025-11-18T20:05:54.566Z", "is_approved": true, "status": "published_independent", "published_at": "2025-11-19T09:09:35.736Z"}}, {"model": "news2u.article", "pk": 7, "fields": {"article_title": "ANC Faces Coalition Talks as Provincial Elections Near", "article_content": "The African National Congress is entering crucial coalition negotiations ahead of upcoming provincial elections. Party leadership met with representatives from smaller parties to discuss potential partnerships. Political analysts suggest the ANC's declining majority has made coalition building essential for maintaining governance in key provinces. The DA has indicated it remains open to discussions but emphasized the need for anti-corruption commitments.", "article_photo": "article_photos/andrej-lisakov-JgFJl8Dg7XM-unsplash.jpg", "journalist": 2, "publisher": null, "editor": 4, "editor_comments": null, "submitted_at": "2025-11-18T20:12:49.483Z", "is_approved": false, "status": "revise", "published_at": null}}, {"model": "news2u.article", "pk": 8, "fields": {"article_title": "Parliament Debates New Land Reform Legislation", "article_content": "Heated debates erupted in Parliament over proposed amendments to land reform legislation. The EFF has pushed for more radical expropriation measures, while the DA warned against policies that could undermine property rights and food security. The ANC-led government emphasized a balanced approach that addresses historical injustices while maintaining agricultural productivity. Public hearings are scheduled for next month.", "article_photo": "article_photos/markus-spiske-p2Xor4Lbrrk-unsplash_5nZlAHy.jpg", "journalist": 2, "publisher": null, "editor": 6, "editor_comments": "", "submitted_at": "2025-11-20T15:09:59.797Z", "is_approved": true, "status": "published_independent", "published_at": "2025-11-21T13:09:07.936Z"}}, {"model": "news2u.article", "pk": 10, "fields": {"article_title": "Western Cape Water Crisis Prompts Emergency Measures", "article_content": "Premier Alan Winde declared a state of emergency as dam levels in the Western Cape dropped below 35%. The provincial government has implemented strict water restrictions and fast-tracked desalination projects. Residents are urged to reduce consumption by 30%. Agricultural sector representatives expressed concern about crop losses, while environmentalists called for long-term climate adaptation strategies.", "article_photo": "article_photos/philip-oroni-qxio376IXao-unsplash_OeI8i9c.jpg", "journalist": 2, "publisher": null, "editor": 4, "editor_comments": null, "submitted_at": "2025-11-22T06:22:45.471Z", "is_approved": false, "status": "awaiting_editor", "published_at": null}}, {"model": "news2u.article", "pk": 11, "fields": {"article_title": "Sustainable Living: Solar Panel Installations Surge in South Africa", "article_content": "Homeowners across South Africa are increasingly turning to solar energy solutions amid persistent load shedding. Installation companies report a 150% increase in demand over the past year. While the initial investment remains significant, experts say homeowners can recoup costs within five to seven years through electricity savings. Government incentives and tax rebates have made solar power more accessible to middle-income households.", "article_photo": "article_photos/markus-spiske-_LHodAyB_RE-unsplash.jpg", "journalist": 3, "publisher": null, "editor": 4, "editor_comments": "", "submitted_at": "2025-11-21T10:54:13.851Z", "is_approved": true, "status": "published_independent", "published_at": "2025-11-21T13:30:03.284Z"}}, {"model": "news2u.article", "pk": 12, "fields": {"article_title": "Top Interior Design Trends for 2025: Earthy Tones and Natural Materials", "article_content": "South African interior designers are embracing biophilic design principles, incorporating natural materials and earthy color palettes. Popular trends include handcrafted ceramics, locally sourced timber furniture, and indigenous plants as decorative elements. Design experts suggest these choices reflect a growing desire to create calming, sustainable living spaces. The shift away from minimalism toward warmer, textured interiors continues to gain momentum.", "article_photo": "article_photos/dillon-kydd-XGvwt544g8k-unsplash.jpg", "journalist": 3, "publisher": null, "editor": null, "editor_comments": null, "submitted_at": null, "is_approved": false, "status": "draft", "published_at": null}}, {"model": "news2u.article", "pk": 13, "fields": {"article_title": "Property Market Shows Signs of Recovery in Major Cities", "article_content": "The residential property market is experiencing a modest recovery, with average house prices increasing by 4.2% year-on-year. Johannesburg and Cape Town lead the upturn, driven by first-time buyers and remote workers seeking larger spaces. Estate agents report increased interest in suburbs with good schools and amenities. However, affordability remains a challenge as interest rates stay elevated. This is now edited and fact checked.", "article_photo": "article_photos/dillon-kydd-2keCPb73aQY-unsplash.jpg", "journalist": 3, "publisher": null, "editor": 6, "editor_comments": "", "submitted_at": "2025-11-21T13:00:03Z", "is_approved": true, "status": "ready_to_publish", "published_at": null}}, {"model": "news2u.article", "pk": 14, "fields": {"article_title": "DIY Home Security: Affordable Solutions for South African Homes", "article_content": "With rising security concerns, homeowners are exploring cost-effective DIY security options. Smart cameras, motion sensors, and app-controlled alarm systems have become increasingly affordable and easy to install. Security experts recommend a layered approach combining technology with physical barriers like reinforced doors and security gates. Community WhatsApp groups and neighborhood watches remain crucial components of home security strategies.", "article_photo": "article_photos/fujiphilm-H_T8GaFGEjY-unsplash.jpg", "journalist": 3, "publisher": 12, "editor": 3, "editor_comments": "", "submitted_at": "2025-11-21T11:12:20.842Z", "is_approved": true, "status": "published_publisher", "published_at": "2025-11-21T13:32:00.464Z"}}, {"model": "news2u.article", "pk": 15, "fields": {"article_title": "Tyla's Global Success Inspires New Generation of SA Artists", "article_content": "Following Tyla's Grammy win and international chart success, South African music executives report a surge in global interest in local talent. The amapiano genre continues to gain international recognition, with artists like Uncle Waffles and DJ Maphorisa securing international collaborations. Industry insiders say Tyla's achievement has opened doors for emerging artists and demonstrated the commercial viability of authentic South African sounds on the world stage.", "article_photo": "article_photos/tijs-van-leur-Qnlp3FCO2vc-unsplash.jpg", "journalist": 5, "publisher": 13, "editor": 6, "editor_comments": "", "submitted_at": "2025-11-21T12:00:57Z", "is_approved": true, "status": "published_publisher", "published_at": "2025-11-22T18:45:16Z"}}, {"model": "news2u.article", "pk": 16, "fields": {"article_title": "Nomcebo Zikode's \"Jerusalema\" Reaches 1 Billion Streams Milestone", "article_content": "Nomcebo Zikode's global hit \"Jerusalema\" has surpassed one billion streams across all platforms, cementing its place as one of Africa's most successful songs. The track, which became a worldwide phenomenon during the pandemic, continues to generate significant streaming numbers. Zikode celebrated the milestone with fans on social media, thanking them for their unwavering support and promising new music soon.", "article_photo": "article_photos/mollie-sivaram-yubCnXAA3H8-unsplash.jpg", "journalist": 5, "publisher": null, "editor": 7, "editor_comments": null, "submitted_at": "2025-11-21T12:02:11.980Z", "is_approved": false, "status": "revise", "published_at": null}}, {"model": "news2u.article", "pk": 17, "fields": {"article_title": "Springboks Dominate Rugby Championship with Unbeaten Record", "article_content": "The Springboks completed a flawless Rugby Championship campaign, defeating Australia, New Zealand, and Argentina to claim the title. Coach Rassie Erasmus praised the team's depth and adaptability, noting strong performances from both established stars and emerging players. Captain Siya Kolisi credited the team's success to unity and meticulous preparation. The victory positions South Africa as favorites for the upcoming World Cup qualifiers.", "article_photo": "article_photos/ahmet-kurt-fE4CTvPcZW4-unsplash.jpg", "journalist": 5, "publisher": null, "editor": 3, "editor_comments": "", "submitted_at": "2025-11-22T06:15:06Z", "is_approved": true, "status": "awaiting_editor", "published_at": null}}, {"model": "news2u.article", "pk": 18, "fields": {"article_title": "Eben Etzebeth Breaks Springbok Appearance Record", "article_content": "Lock forward Eben Etzebeth has become the most-capped Springbok player in history, surpassing Victor Matfield's record of 127 test appearances. The 33-year-old reached the milestone during the victory over New Zealand in Cape Town. Teammates and rugby legends paid tribute to Etzebeth's consistency, physicality, and leadership. Etzebeth dedicated the achievement to his family and thanked South African fans for their support.", "article_photo": "article_photos/ahmet-kurt-pFNpYd8RKm8-unsplash.jpg", "journalist": 5, "publisher": null, "editor": 3, "editor_comments": "", "submitted_at": "2025-11-22T06:17:26Z", "is_approved": true, "status": "ready_to_publish", "published_at": null}}, {"model": "news2u.newsletter", "pk": 4, "fields": {"newsletter_title": "My first newsletter as a Journalist", "newsletter_content": "This is my first newsletter to be published after I obtained my degree and started working. This is an edited newsletter (journalist).", "journalist": 2, "publisher": null, "editor": 4, "submitted_at": "2025-11-22T18:29:13Z", "published_at": "2025-11-22T18:34:34.619Z", "status": "published_newsletter", "is_approved": true, "articles": [5, 6]}}, {"model": "news2u.newsletter", "pk": 5, "fields": {"newsletter_title": "This is my second newsletter", "newsletter_content": "Did you receive my newsletter?", "journalist": 2, "publisher": null, "editor": 6, "submitted_at": "2025-11-22T21:11:53.304Z", "published_at": null, "status": "ready_to_publish", "is_approved": true, "articles": [8]}}, {"model": "news2u.reader", "pk": 5, "fields": {"user": 45, "reader_name": "Kelly Smith", "reader_interests": "Politics", "reader_photo": "reader_photos/frank-flores-55huihj4Ucg-unsplash_HaUnkfm.jpg", "subscribed_at": "2025-11-22T21:06:33.303Z"}}, {"model": "news2u.reader", "pk": 6, "fields": {"user": 46, "reader_name": "Paula Anderson", "reader_interests": "Animals", "reader_photo": "reader_photos/oleg-ivanov-HaNi1rsZ6Nc-unsplash_vPfRS5H.jpg", "subscribed_at": "2025-11-22T21:07:03.233Z"}}, {"model": "news2u.reader", "pk": 7, "fields": {"user": 47, "reader_name": "Brandon Lee", "reader_interests": "Sport", "reader_photo": "reader_photos/andrej-lisakov-mdjAVBKLOgs-unsplash.jpg", "subscribed_at": "2025-11-22T23:08:15.178Z"}}, {"model": "news2u.adminapproval", "pk": 3, "fields": {"user": 5, "role": "publisher", "created_at": "2025-11-15T07:00:08.414Z", "is_approved": true, "requested_at": "2025-11-15T07:00:08.414Z", "declined_for": null}}, {"model": "news2u.adminapproval", "pk": 4, "fields": {"user": 6, "role": "editor", "created_at": "2025-11-15T11:41:08.655Z", "is_approved": true, "requested_at": "2025-11-15T11:41:08.655Z", "declined_for": null}}, {"model": "news2u.adminapproval", "pk": 7, "fields": {"user": 9, "role": "journalist", "created_at": "2025-11-15T12:28:29.746Z", "is_approved": true, "requested_at": "2025-11-15T12:28:29.746Z", "declined_for": null}}, {"model": "news2u.adminapproval", "pk": 8, "fields": {"user": 17, "role": "editor", "created_at": "2025-11-18T20:08:55.012Z", "is_approved": true, "requested_at": "2025-11-18T20:08:55.012Z", "declined_for": null}}, {"model": "news2u.adminapproval", "pk": 10, "fields": {"user": 19, "role": "editor", "created_at": "2025-11-20T10:32:40.177Z", "is_approved": true, "requested_at": "2025-11-20T10:32:40.177Z", "declined_for": null}}, {"model": "news2u.adminapproval", "pk": 11, "fields": {"user": 20, "role": "publisher", "created_at": "2025-11-20T10:33:48.522Z", "is_approved": true, "requested_at": "2025-11-20T10:33:48.522Z", "declined_for": null}}, {"model": "news2u.adminapproval", "pk": 12, "fields": {"user": 22, "role": "journalist", "created_at": "2025-11-20T12:15:01.583Z", "is_approved": true, "requested_at": "2025-11-20T12:15:01.583Z", "declined_for": null}}, {"model": "news2u.adminapproval", "pk": 14, "fields": {"user": 24, "role": "editor", "created_at": "2025-11-21T11:53:05.439Z", "is_approved": true, "requested_at": "2025-11-21T11:53:05.439Z", "declined_for": null}}, {"model": "news2u.adminapproval", "pk": 15, "fields": {"user": 25, "role": "journalist", "created_at": "2025-11-21T11:55:59.610Z", "is_approved": true, "requested_at": "2025-11-21T11:55:59.610Z", "declined_for": null}}, {"model": "news2u.adminapproval", "pk": 16, "fields": {"user": 26, "role": "publisher", "created_at": "2025-11-21T11:58:38.170Z", "is_approved": true, "requested_at": "2025-11-21T11:58:38.170Z", "declined_for": null}}]